cmpgn,kw,search_impression_share,top_impression_percentage,absolute_top_impression_percentage
Acquisition,content marketing,0.1,0.0,0.0
Acquisition Impact,agent marketing,20.47,0.0,0.0
Acquisition Impact,attraction marketing,9.16,0.0,0.0
Acquisition Impact,content marketing strategy,13.69,0.0,0.0
Acquisition Impact,cross channel marketing,4.83,0.0,0.0
Acquisition Impact,definition of marketing,32.62,27.92,13.45
Acquisition Impact,digital marketing manager,5.93,0.71,0.39999999999999997
Acquisition Impact,field marketing,2.64,0.0,0.0
Acquisition Impact,marketing companies,30.830000000000002,24.39,12.26
Acquisition Impact,marketing consultant,24.72,26.03,11.66
Acquisition Impact,marketing land,20.240000000000002,0.0,0.0
Acquisition Impact,marketing roi,15.42,0.0,0.0
Acquisition Impact,marketing strategy template,13.05,0.9,0.5
Acquisition Impact,marketing videos,8.81,0.0,0.0
Acquisition Impact,mlm marketing,2.75,0.0,0.0
Acquisition Impact,product marketing,17.28,8.32,2.83
Acquisition Impact,retail marketing,11.32,9.89,6.87
Acquisition Impact,sample marketing plan,20.71,0.83,0.13
Acquisition Impact,sms marketing,35.96,46.29,18.17
Acquisition Impact,social media marketing,48.64,92.79,40.23
Acquisition Impact,test marketing,0.5,0.14,0.14
Acquisition Impact,types of marketing strategies,5.27,6.22,3.33
Acquisition Impact,vertical marketing system,6.35,0.0,0.0
Acquisition Impact,what does a marketing manager do,8.58,0.0,0.0
Acquisition Impact,what is vector marketing,7.51,0.0,0.0
Applied Marketing,marketing consultant,0.25,0.0,0.0
Awareness/Engagement,agent marketing,0.1,0.0,0.0
Awareness/Engagement,buzz marketing,0.24000000000000002,0.8,0.33
Awareness/Engagement,data-driven marketing,0.0,0.0,0.0
Awareness/Engagement,digital marketing certificates,0.51,0.17,0.0
Awareness/Engagement,marketing functions,0.1,0.58,0.03
Awareness/Engagement,marketing land,0.17,0.0,0.0
Awareness/Engagement,marketing mix modeling,0.1,0.84,0.11
Awareness/Engagement,marketing strategy examples,0.22999999999999998,1.52,0.39
Awareness/Engagement,product marketing,0.0,0.0,0.0
Awareness/Engagement,real estate marketing,0.13,0.94,0.5
Awareness/Engagement,strategic marketing plan,0.1,0.0,0.0
Awareness/Engagement,text marketing,0.25,0.0,0.0
Awareness/Engagement,the marketing mix,0.1,0.73,0.73
Branded,integrated marketing communications,55.02,306.21,172.45
Branded,trade marketing,16.18,19.21,18.59
Branded - Max Conv.,integrated marketing communications,4.07,8.01,5.93
Bringing Back - Max Conv.,affiliate marketing,1.74,10.18,2.31
Bringing Back - Max Conv.,content marketing,0.30000000000000004,0.0,0.0
Bringing Back - Max Conv.,define marketing,0.9700000000000001,0.5,0.09
Bringing Back - Max Conv.,digital marketing salary,1.33,0.0,0.0
Bringing Back - Max Conv.,direct marketing definition,0.5,0.0,0.0
Bringing Back - Max Conv.,email marketing tips,0.25,0.0,0.0
Bringing Back - Max Conv.,experiential marketing,0.4,0.75,0.18
Bringing Back - Max Conv.,impact marketing,1.5,0.0,0.0
Bringing Back - Max Conv.,international marketing,1.98,0.0,0.0
Bringing Back - Max Conv.,internet marketing firm,1.0,0.0,0.0
Bringing Back - Max Conv.,marketing assistant,0.68,0.0,0.0
Bringing Back - Max Conv.,marketing concept definition,0.33,0.0,0.0
Bringing Back - Max Conv.,marketing interview questions,0.27,0.0,0.0
Bringing Back - Max Conv.,marketing metrics,0.37,0.0,0.0
Bringing Back - Max Conv.,marketing operations,0.25,0.0,0.0
Bringing Back - Max Conv.,marketing quotes,0.13,0.7,0.3
Bringing Back - Max Conv.,mobile marketing,1.35,2.7199999999999998,1.12
Bringing Back - Max Conv.,social media marketing services,0.6000000000000001,0.0,0.0
Bringing Back - Max Conv.,social media marketing strategy,0.76,0.0,0.0
Cloud Report,buzz marketing,0.35,2.2800000000000002,1.26
Cloud Report,digital marketing services,0.73,2.31,0.94
Cloud Report,marketing campaigns,0.42000000000000004,2.6,1.89
Cloud Report,marketing segmentation,0.73,3.07,1.46
Cloud Report,what is network marketing,0.65,3.71,2.76
Consideration,corporate marketing,0.0,0.0,0.0
Consideration,marketing consulting firms,0.1,0.87,0.4
Consideration,marketing myopia,0.1,0.76,0.34
Consideration,marketing resume,0.1,0.94,0.38
Consideration,marketing websites,0.0,0.0,0.0
Consideration,what is marketing mix,0.1,0.76,0.24
Customer Playbook - Max Conv.,affiliate marketing programs,1.6600000000000001,0.0,0.0
Customer Playbook - Max Conv.,business marketing jobs,0.5,0.0,0.0
Customer Playbook - Max Conv.,difference between marketing and advertising,1.0,0.0,0.0
Customer Playbook - Max Conv.,email marketing,2.69,2.44,1.05
Customer Playbook - Max Conv.,how to write a marketing plan,2.0,0.0,0.0
Customer Playbook - Max Conv.,law firm marketing,0.2,0.0,0.0
Customer Playbook - Max Conv.,marketing analysis,1.92,0.0,0.0
Customer Playbook - Max Conv.,marketing analyst,0.13,0.0,0.0
Customer Playbook - Max Conv.,marketing analytics,2.34,0.0,0.0
Customer Playbook - Max Conv.,marketing books,1.1400000000000001,1.07,0.11
Customer Playbook - Max Conv.,marketing collateral,4.41,0.0,0.0
Customer Playbook - Max Conv.,marketing dashboard,0.0,0.0,0.0
Customer Playbook - Max Conv.,marketing environment,1.52,0.0,0.0
Customer Playbook - Max Conv.,marketing materials,0.25,0.0,0.0
Customer Playbook - Max Conv.,marketing plan examples,3.18,0.78,0.23
Customer Playbook - Max Conv.,marketing science,1.3900000000000001,0.0,0.0
Customer Playbook - Max Conv.,marketing specialist,1.5,0.0,0.0
Customer Playbook - Max Conv.,music marketing,0.8300000000000001,0.0,0.0
Customer Playbook - Max Conv.,relationship marketing,0.93,2.98,0.92
Customer Playbook - Max Conv.,seo marketing,2.18,0.0,0.0
Customer Playbook - Max Conv.,what is affiliate marketing,2.33,0.0,0.0
Customer Playbook - Max Conv.,why is marketing important,1.12,0.0,0.0
HubSpot App - Non-Branded,b2c marketing,0.13,0.0,0.0
HubSpot App - Non-Branded,digital marketing news,0.16,0.93,0.27
HubSpot App - Non-Branded,green marketing,1.2000000000000002,11.34,2.93
HubSpot App - Non-Branded,marketing business,0.1,0.0,0.0
HubSpot App - Non-Branded,marketing careers,0.6000000000000001,5.57,2.19
HubSpot App - Non-Branded,marketing department,0.1,0.95,0.58
HubSpot App - Non-Branded,promotional marketing,0.6000000000000001,5.46,1.4
HubSpot App - Non-Branded,what is inbound marketing,0.4,3.3000000000000003,0.98
Intelligence Playbook,affiliate marketing programs,0.0,0.0,0.0
Intelligence Playbook,business marketing jobs,2.3200000000000003,0.0,0.0
Intelligence Playbook,content marketing world,0.0,0.0,0.0
Intelligence Playbook,data driven marketing,3.7199999999999998,0.0,0.0
Intelligence Playbook,difference between marketing and advertising,1.5,0.0,0.0
Intelligence Playbook,digital marketing certified,2.62,0.0,0.0
Intelligence Playbook,email marketing,49.12,85.62,36.81
Intelligence Playbook,how to create a marketing plan,2.6,0.0,0.0
Intelligence Playbook,how to write a marketing plan,6.83,0.0,0.0
Intelligence Playbook,internet marketing services,6.98,0.0,0.0
Intelligence Playbook,internet marketing strategies,1.15,0.0,0.0
Intelligence Playbook,law firm marketing,2.72,0.0,0.0
Intelligence Playbook,lead generation marketing,0.0,0.0,0.0
Intelligence Playbook,marketing analysis,4.0600000000000005,0.0,0.0
Intelligence Playbook,marketing analyst,3.72,0.0,0.0
Intelligence Playbook,marketing analytics,12.51,0.7100000000000001,0.4
Intelligence Playbook,marketing books,13.72,11.58,1.2
Intelligence Playbook,marketing collateral,21.29,13.41,4.33
Intelligence Playbook,marketing dashboard,0.7,0.0,0.0
Intelligence Playbook,marketing environment,18.44,6.7,2.29
Intelligence Playbook,marketing information management,0.0,0.0,0.0
Intelligence Playbook,marketing information system,8.57,7.47,1.98
Intelligence Playbook,marketing materials,8.36,1.8699999999999999,0.56
Intelligence Playbook,marketing plan examples,25.17,12.610000000000001,3.1
Intelligence Playbook,marketing science,3.58,3.96,0.24
Intelligence Playbook,marketing specialist,2.5,0.0,0.0
Intelligence Playbook,marketing tactics,5.41,0.0,0.0
Intelligence Playbook,materials marketing,0.1,0.17,0.0
Intelligence Playbook,music marketing,19.75,0.1,0.0
Intelligence Playbook,online marketing companies,0.48,0.9,0.2
Intelligence Playbook,relationship marketing,12.280000000000001,39.61,5.33
Intelligence Playbook,restaurant marketing,3.64,0.0,0.0
Intelligence Playbook,seo marketing,18.07,12.2,6.88
Intelligence Playbook,social media marketing plan,1.0,0.0,0.0
Intelligence Playbook,strategic marketing,14.620000000000001,12.51,4.92
Intelligence Playbook,the marketing store,6.04,0.0,0.0
Intelligence Playbook,visual marketing,0.56,0.2,0.0
Intelligence Playbook,what does marketing mean,2.2,0.0,0.0
Intelligence Playbook,what is affiliate marketing,21.76,2.0500000000000003,0.5800000000000001
Intelligence Playbook,why is marketing important,1.01,0.78,0.0
Marketing Inbound,advertising and marketing,0.0,0.0,0.0
Marketing Inbound,affiliate marketing for dummies,0.30000000000000004,0.0,0.0
Marketing Inbound,affiliate marketing training,0.28,0.0,0.0
Marketing Inbound,app marketing,1.1,4.0,0.74
Marketing Inbound,b2b marketing,1.8,16.93,4.08
Marketing Inbound,business marketing,0.93,5.37,1.25
Marketing Inbound,business to business marketing,1.1600000000000001,0.63,0.38
Marketing Inbound,careers in marketing,0.0,0.0,0.0
Marketing Inbound,chief marketing officer,2.5,20.11,2.7
Marketing Inbound,content marketing,3.3000000000000003,23.45,5.890000000000001
Marketing Inbound,dental marketing,0.0,0.0,0.0
Marketing Inbound,digital marketing agency,1.9000000000000001,12.71,2.08
Marketing Inbound,digital marketing jobs,0.7100000000000001,5.18,1.6400000000000001
Marketing Inbound,digital marketing trends,0.43000000000000005,0.0,0.0
Marketing Inbound,e marketing,0.9,6.17,1.17
Marketing Inbound,email marketing best practices,0.25,0.0,0.0
Marketing Inbound,email marketing services,1.5,1.61,0.08
Marketing Inbound,email marketing software,2.35,16.94,1.0
Marketing Inbound,examples of marketing strategies,0.1,0.0,0.0
Marketing Inbound,food marketing institute,0.0,0.0,0.0
Marketing Inbound,healthcare marketing,0.0,0.0,0.0
Marketing Inbound,infinity marketing,0.0,0.0,0.0
Marketing Inbound,innovative marketing,1.1,7.09,0.9299999999999999
Marketing Inbound,integrated marketing,0.0,0.0,0.0
Marketing Inbound,integrated marketing communications,10.26,11.99,11.41
Marketing Inbound,interactive marketing,0.8,1.37,0.49
Marketing Inbound,internet marketing,1.7000000000000002,10.540000000000001,1.84
Marketing Inbound,marketing agencies,0.6000000000000001,3.61,0.63
Marketing Inbound,marketing articles,0.98,3.48,1.67
Marketing Inbound,marketing automation,1.01,2.31,0.54
Marketing Inbound,marketing blogs,0.7000000000000001,4.21,1.04
Marketing Inbound,marketing calendar,0.1,0.0,0.0
Marketing Inbound,marketing career path,0.30000000000000004,0.0,0.0
Marketing Inbound,marketing channels,1.5,2.7,0.48
Marketing Inbound,marketing classes,0.2,1.46,0.27
Marketing Inbound,marketing communications,0.0,0.0,0.0
Marketing Inbound,marketing degree,1.0,5.18,1.52
Marketing Inbound,marketing digital,3.2,23.44,5.28
Marketing Inbound,marketing icon,0.30000000000000004,1.6400000000000001,0.32
Marketing Inbound,marketing ideas,1.4000000000000001,11.89,2.49
Marketing Inbound,marketing magazine,1.5,12.8,3.67
Marketing Inbound,marketing major,0.30000000000000004,1.9,0.11
Marketing Inbound,marketing managers,2.3000000000000003,16.99,3.84
Marketing Inbound,marketing plan template,1.4000000000000001,10.59,1.28
Marketing Inbound,marketing proposal template,0.0,0.0,0.0
Marketing Inbound,marketing research process,2.46,6.69,2.09
Marketing Inbound,marketing salaries,2.1,14.85,3.5100000000000002
Marketing Inbound,marketing software,0.30000000000000004,1.9,0.9199999999999999
Marketing Inbound,marketing strategies,0.9,6.65,1.96
Marketing Inbound,marketing technology,0.4,0.0,0.0
Marketing Inbound,marketing vs advertising,0.25,0.0,0.0
Marketing Inbound,multi channel marketing,0.5,0.89,0.47
Marketing Inbound,multi level marketing,0.5,3.11,0.62
Marketing Inbound,multi level marketing companies,0.5,4.5,0.9
Marketing Inbound,network marketing,1.0,7.5,1.4
Marketing Inbound,online marketing,0.1,0.0,0.0
Marketing Inbound,pharmaceutical marketing,0.0,0.0,0.0
Marketing Inbound,principles of marketing,0.6000000000000001,1.7200000000000002,0.32
Marketing Inbound,propel marketing,0.7000000000000001,3.55,0.05
Marketing Inbound,real estate marketing ideas,0.0,0.0,0.0
Marketing Inbound,shopper marketing,1.21,5.09,1.15
Marketing Inbound,social media marketing jobs,0.0,0.0,0.0
Marketing Inbound,social media marketing world,0.1,0.0,0.0
Marketing Inbound,top network marketing companies,1.3599999999999999,6.85,0.13
Marketing Inbound,trade marketing,14.69,20.02,19.39
Marketing Inbound,traditional marketing,0.1,0.0,0.0
Marketing Inbound,vector marketing,0.1,0.0,0.0
Marketing Inbound,vector marketing jobs,0.30000000000000004,0.0,0.0
Marketing Inbound,what is marketing,3.49,23.63,5.5
Marketing Inbound,what is marketing automation,0.2,0.0,0.0
Marketing Inbound,what is marketing research,1.5,0.0,0.0
Marketing Inbound Allies,business â€“ marketing,1.6,7.53,3.98
Marketing Inbound Allies,content marketing,0.7000000000000001,5.26,1.3699999999999999
Marketing Inbound Allies,content marketing agency,0.1,0.93,0.13
Marketing Inbound Allies,facebook marketing,1.3,8.81,4.62
Marketing Inbound Allies,local marketing,0.22,0.73,0.0
Marketing Inbound Allies,marketing funnel,0.88,2.54,1.02
Marketing Inbound Allies,medical marketing,0.1,0.0,0.0
Marketing Inbound Allies,online marketing,1.37,8.37,3.52
Marketing Inbound Allies,performance marketing,0.33,1.67,0.6399999999999999
Marketing Inbound Allies,sales and marketing,0.5,4.05,1.12
Marketing Inbound Allies,social media marketing companies,0.73,2.45,0.61
Marketing Inbound Allies,word of mouth marketing,0.2,1.74,0.7
Marketing Inbound Partnerships,content marketing,2.8000000000000003,18.32,5.64
Marketing Inbound Partnerships,digital marketing definition,0.2,1.31,0.32
Marketing Inbound Partnerships,digital marketing jobs,1.7400000000000002,10.37,3.47
Marketing Inbound Partnerships,e marketing,2.9000000000000004,21.27,5.01
Marketing Inbound Partnerships,marketing strategies,2.75,18.39,4.91
Marketing Inbound Partnerships,multi level marketing,1.96,9.77,3.7600000000000002
Marketing Inbound Partnerships,network marketing,3.1,20.49,3.5500000000000003
Marketing Inbound Partnerships,traditional marketing,0.2,0.0,0.0
Marketing Inbound Support,best marketing campaigns,0.0,0.0,0.0
Marketing Inbound Support,free email marketing,0.0,0.0,0.0
Marketing Inbound Support,inbound marketing agency,0.0,0.0,0.0
Marketing Inbound Support,inbound vs outbound marketing,0.0,0.0,0.0
Marketing Inbound Support,marketing and communications,0.1,0.0,0.0
Marketing Inbound Support,marketing basics,0.0,0.0,0.0
Marketing Inbound Support,marketing campaign template,0.0,0.0,0.0
Marketing Inbound Support,marketing conferences,0.0,0.0,0.0
Marketing Inbound Support,marketing plan outline,0.0,0.0,0.0
Marketing Inbound Support,marketing solutions,0.0,0.0,0.0
Marketing Inbound Support,referral marketing,0.1,0.0,0.0
Marketing Inbound Support,target marketing definition,0.0,0.0,0.0
Marketing Inbound Support,video marketing,0.30000000000000004,2.3600000000000003,0.79
Non Branded - Max Conv.,marketing automation software,0.5,0.0,0.0
Non Branded - Max Conv.,multi level marketing,0.55,0.65,0.39999999999999997
Non Branded - Max Conv.,network marketing tips,2.83,0.0,0.0
Non Branded Applied Marketing,account based marketing,4.98,0.0,0.0
Non Branded Applied Marketing,advantage sales and marketing,7.36,10.91,4.66
Non Branded Applied Marketing,affiliate marketing,21.26,133.24,32.17
Non Branded Applied Marketing,affiliate marketing programs,0.0,0.0,0.0
Non Branded Applied Marketing,agent marketing,2.91,0.0,0.0
Non Branded Applied Marketing,book marketing,4.74,0.0,0.0
Non Branded Applied Marketing,business marketing jobs,0.0,0.0,0.0
Non Branded Applied Marketing,content marketing,2.6,13.18,2.13
Non Branded Applied Marketing,content marketing definition,0.1,0.78,0.0
Non Branded Applied Marketing,content marketing institute,2.56,0.0,0.0
Non Branded Applied Marketing,content marketing strategy,2.0100000000000002,0.43,0.14
Non Branded Applied Marketing,content marketing world,0.0,0.0,0.0
Non Branded Applied Marketing,cross channel marketing,0.5800000000000001,0.0,0.0
Non Branded Applied Marketing,data driven marketing,1.23,0.0,0.0
Non Branded Applied Marketing,database marketing,0.30000000000000004,2.29,0.8200000000000001
Non Branded Applied Marketing,define marketing,10.66,48.71,13.59
Non Branded Applied Marketing,define marketing mix,0.0,0.0,0.0
Non Branded Applied Marketing,definition of marketing,1.9700000000000002,0.37,0.0
Non Branded Applied Marketing,digital marketing certified,0.0,0.0,0.0
Non Branded Applied Marketing,digital marketing companies,0.30000000000000004,1.84,0.06
Non Branded Applied Marketing,digital marketing manager,1.72,1.27,0.9400000000000001
Non Branded Applied Marketing,digital marketing salary,6.38,0.0,0.0
Non Branded Applied Marketing,digital marketing strategy,0.1,0.0,0.0
Non Branded Applied Marketing,direct mail marketing,3.1700000000000004,1.26,0.0
Non Branded Applied Marketing,direct marketing definition,10.5,0.0,0.0
Non Branded Applied Marketing,director of marketing,1.29,0.0,0.0
Non Branded Applied Marketing,email marketing,3.0100000000000002,8.73,1.26
Non Branded Applied Marketing,email marketing tips,3.06,0.0,0.0
Non Branded Applied Marketing,event marketing,1.28,1.67,1.0
Non Branded Applied Marketing,experiential marketing,6.92,40.81,11.63
Non Branded Applied Marketing,food marketing,0.53,2.25,0.49
Non Branded Applied Marketing,fusion marketing,0.0,0.0,0.0
Non Branded Applied Marketing,global marketing,2.3600000000000003,1.21,0.0
Non Branded Applied Marketing,how to create a marketing plan,0.0,0.0,0.0
Non Branded Applied Marketing,how to write a marketing plan,0.0,0.0,0.0
Non Branded Applied Marketing,impact marketing,3.12,0.0,0.0
Non Branded Applied Marketing,interactions marketing,2.18,0.43,0.0
Non Branded Applied Marketing,internal marketing,0.17,0.0,0.0
Non Branded Applied Marketing,international marketing,28.23,16.26,6.73
Non Branded Applied Marketing,internet marketing firm,6.0,0.0,0.0
Non Branded Applied Marketing,internet marketing services,0.37,0.0,0.0
Non Branded Applied Marketing,internet marketing strategies,0.67,0.0,0.0
Non Branded Applied Marketing,law firm marketing,0.35000000000000003,0.0,0.0
Non Branded Applied Marketing,lead generation marketing,0.0,0.0,0.0
Non Branded Applied Marketing,legacy marketing partners,0.0,0.0,0.0
Non Branded Applied Marketing,marketing analysis,2.14,0.0,0.0
Non Branded Applied Marketing,marketing analyst,0.8,0.0,0.0
Non Branded Applied Marketing,marketing analytics,2.33,0.0,0.0
Non Branded Applied Marketing,marketing assistant,7.0,10.68,2.8200000000000003
Non Branded Applied Marketing,marketing automation software,0.13,0.0,0.0
Non Branded Applied Marketing,marketing books,2.7,1.19,0.14
Non Branded Applied Marketing,marketing certifications,0.0,0.0,0.0
Non Branded Applied Marketing,marketing cloud,1.1,0.6699999999999999,0.06
Non Branded Applied Marketing,marketing collateral,3.06,0.0,0.0
Non Branded Applied Marketing,marketing communications,7.8,2.75,1.05
Non Branded Applied Marketing,marketing companies,4.8,0.54,0.23
Non Branded Applied Marketing,marketing concept definition,1.9300000000000002,0.0,0.0
Non Branded Applied Marketing,marketing consultant,5.49,5.6000000000000005,2.4000000000000004
Non Branded Applied Marketing,marketing consulting,8.65,54.69,14.55
Non Branded Applied Marketing,marketing dashboard,0.0,0.0,0.0
Non Branded Applied Marketing,marketing environment,0.37,0.0,0.0
Non Branded Applied Marketing,marketing for dummies,3.0,0.0,0.0
Non Branded Applied Marketing,marketing for small business,0.33,0.0,0.0
Non Branded Applied Marketing,marketing information management,0.0,0.0,0.0
Non Branded Applied Marketing,marketing information system,1.6400000000000001,0.0,0.0
Non Branded Applied Marketing,marketing internships,2.8200000000000003,9.57,2.65
Non Branded Applied Marketing,marketing interview questions,5.54,1.01,0.26
Non Branded Applied Marketing,marketing job description,4.61,0.0,0.0
Non Branded Applied Marketing,marketing jobs,7.1000000000000005,33.48,7.55
Non Branded Applied Marketing,marketing land,6.09,0.0,0.0
Non Branded Applied Marketing,marketing materials,2.65,0.0,0.0
Non Branded Applied Marketing,marketing metrics,4.82,5.3,0.9600000000000001
Non Branded Applied Marketing,marketing objectives,4.48,23.03,5.7700000000000005
Non Branded Applied Marketing,marketing objectives examples,0.6000000000000001,2.6100000000000003,0.59
Non Branded Applied Marketing,marketing operations,5.71,0.0,0.0
Non Branded Applied Marketing,marketing plan examples,2.25,0.0,0.0
Non Branded Applied Marketing,marketing positions,5.63,1.53,0.69
Non Branded Applied Marketing,marketing process,0.83,0.9,0.1
Non Branded Applied Marketing,marketing proposal,0.31,0.78,0.11
Non Branded Applied Marketing,marketing quotes,4.58,30.84,8.01
Non Branded Applied Marketing,marketing research,6.95,34.81,7.5
Non Branded Applied Marketing,marketing research definition,0.29,0.78,0.22
Non Branded Applied Marketing,marketing roi,4.67,0.0,0.0
Non Branded Applied Marketing,marketing science,0.8,0.0,0.0
Non Branded Applied Marketing,marketing services,5.68,0.0,0.0
Non Branded Applied Marketing,marketing skills,8.93,0.17,0.0
Non Branded Applied Marketing,marketing specialist,0.0,0.0,0.0
Non Branded Applied Marketing,marketing strategies,5.15,30.63,13.82
Non Branded Applied Marketing,marketing strategy template,1.5,0.0,0.0
Non Branded Applied Marketing,marketing tactics,1.67,0.0,0.0
Non Branded Applied Marketing,marketing techniques,2.29,2.62,1.28
Non Branded Applied Marketing,marketing terms,9.5,0.0,0.0
Non Branded Applied Marketing,marketing trends,1.8,8.48,2.46
Non Branded Applied Marketing,marketing videos,1.0,0.0,0.0
Non Branded Applied Marketing,masters in marketing,2.0100000000000002,0.0,0.0
Non Branded Applied Marketing,match marketing group,1.15,0.0,0.0
Non Branded Applied Marketing,mlm marketing,1.0,0.0,0.0
Non Branded Applied Marketing,mobile marketing,14.190000000000001,70.67999999999999,16.4
Non Branded Applied Marketing,mobile marketing association,0.5,0.0,0.0
Non Branded Applied Marketing,multi level marketing,24.14,83.43,41.76
Non Branded Applied Marketing,multi level marketing companies,1.6,13.15,1.1
Non Branded Applied Marketing,music marketing,0.14,0.0,0.0
Non Branded Applied Marketing,network marketing companies,1.9000000000000001,3.12,0.78
Non Branded Applied Marketing,network marketing tips,2.5,0.0,0.0
Non Branded Applied Marketing,online marketing jobs,1.6,10.76,3.45
Non Branded Applied Marketing,ppc marketing,6.53,0.0,0.0
Non Branded Applied Marketing,pragmatic marketing framework,2.7,0.87,0.2
Non Branded Applied Marketing,prima marketing,0.13,0.9,0.3
Non Branded Applied Marketing,product marketing,2.39,0.0,0.0
Non Branded Applied Marketing,product marketing manager,0.0,0.0,0.0
Non Branded Applied Marketing,promotion marketing,10.71,0.0,0.0
Non Branded Applied Marketing,relationship marketing,3.02,5.529999999999999,0.94
Non Branded Applied Marketing,restaurant marketing,1.4500000000000002,0.0,0.0
Non Branded Applied Marketing,retail marketing,2.36,0.0,0.0
Non Branded Applied Marketing,sample marketing plan,7.04,0.49,0.29
Non Branded Applied Marketing,search engine marketing,0.6000000000000001,0.0,0.0
Non Branded Applied Marketing,search marketing,0.44000000000000006,0.0,0.0
Non Branded Applied Marketing,seo marketing,1.6400000000000001,0.0,0.0
Non Branded Applied Marketing,sms marketing,3.19,4.1,1.01
Non Branded Applied Marketing,social media marketing,13.91,29.400000000000002,10.84
Non Branded Applied Marketing,social media marketing agency,1.0,0.0,0.0
Non Branded Applied Marketing,social media marketing company,4.23,0.0,0.0
Non Branded Applied Marketing,social media marketing services,3.79,0.0,0.0
Non Branded Applied Marketing,social media marketing strategy,9.71,14.17,3.45
Non Branded Applied Marketing,sports marketing,4.18,19.8,4.66
Non Branded Applied Marketing,strategic marketing,0.8400000000000001,0.0,0.0
Non Branded Applied Marketing,text message marketing,1.12,0.73,0.0
Non Branded Applied Marketing,the marketing store,1.2,0.0,0.0
Non Branded Applied Marketing,types of marketing,1.21,5.6000000000000005,2.23
Non Branded Applied Marketing,vertical marketing system,5.68,0.0,0.0
Non Branded Applied Marketing,victory marketing,1.9000000000000001,0.0,0.0
Non Branded Applied Marketing,website marketing company,3.8,0.0,0.0
Non Branded Applied Marketing,what does a marketing manager do,6.41,0.0,0.0
Non Branded Applied Marketing,what is affiliate marketing,1.07,0.0,0.0
Non Branded Applied Marketing,what is b2b marketing,0.0,0.0,0.0
Non Branded Applied Marketing,what is content marketing,0.0,0.0,0.0
Non Branded Applied Marketing,what is digital marketing,6.7700000000000005,19.96,1.31
Non Branded Applied Marketing,what is vector marketing,0.8600000000000001,0.0,0.0
Non Branded Applied Marketing,why is marketing important,1.37,0.0,0.0
Non Branded Conversion Strategy,brand marketing,6.09,15.36,1.28
Non Branded Conversion Strategy,creative marketing ideas,0.46,0.17,0.0
Non Branded Conversion Strategy,digital marketing strategy,8.39,0.0,0.0
Non Branded Conversion Strategy,fuse marketing,2.27,0.0,0.0
Non Branded Conversion Strategy,hotel marketing,2.4299999999999997,1.06,0.29
Non Branded Conversion Strategy,internal marketing,5.59,0.63,0.0
Non Branded Conversion Strategy,internet marketing company,2.72,10.22,0.64
Non Branded Conversion Strategy,internet marketing service,0.77,2.72,0.75
Non Branded Conversion Strategy,marketing automation software,7.92,0.0,0.0
Non Branded Conversion Strategy,marketing titles,0.71,0.2,0.2
Non Branded Conversion Strategy,marketing tools,4.6000000000000005,17.09,1.97
Non Branded Conversion Strategy,media marketing,1.02,4.140000000000001,1.23
Non Branded Conversion Strategy,modern marketing concepts,1.1400000000000001,4.7,0.88
Non Branded Conversion Strategy,multi level marketing,30.28,92.32000000000001,29.46
Non Branded Conversion Strategy,network marketing tips,19.83,0.17,0.0
Non Branded Conversion Strategy,online marketing company,1.61,0.0,0.0
Non Branded Conversion Strategy,types of marketing,5.640000000000001,16.5,5.35
Non Branded Conversion Strategy,western marketing,0.1,0.17,0.0
Non Branded Conversion Strategy,what is content marketing,8.610000000000001,7.75,1.53
Non Branded Conversion Strategy,what is direct marketing,0.66,1.46,0.25
Non Branded Conversion Strategy,what is social media marketing,0.48,1.02,0.03
Non Branded Conversion Strategy,what is the marketing mix,0.4,1.26,0.0
Non Branded Funnel,business and marketing,0.0,0.0,0.0
Non Branded Funnel,channel marketing,1.2000000000000002,1.78,0.22
Non Branded Funnel,content marketing agency,1.3,0.81,0.0
Non Branded Funnel,global marketing strategy,0.30000000000000004,0.0,0.0
Non Branded Funnel,international marketing manager,0.35,0.0,0.0
Non Branded Funnel,internet marketing agency,0.30000000000000004,0.0,0.0
Non Branded Funnel,internet marketing jobs,0.5,0.96,0.24
Non Branded Funnel,journal of marketing research,0.0,0.0,0.0
Non Branded Funnel,marketing associate,1.1400000000000001,0.0,0.0
Non Branded Funnel,marketing budget,0.14,0.2,0.2
Non Branded Funnel,marketing consultant,1.56,0.27,0.0
Non Branded Funnel,marketing evolution,0.0,0.0,0.0
Non Branded Funnel,marketing intermediaries,0.8,0.2,0.0
Non Branded Funnel,outbound marketing,0.6000000000000001,2.3,0.38
Non Branded Funnel,pay per click marketing,1.5,4.8,0.48
Non Branded Funnel,positioning marketing,0.33,0.0,0.0
Non Branded Funnel,principles of marketing,6.93,15.61,3.56
Non Branded Funnel,social media marketing,4.36,4.12,1.47
Non Branded Funnel,top marketing firms,0.0,0.0,0.0
Non Branded Funnel,undifferentiated marketing,2.24,0.0,0.0
Non Branded Funnel,website marketing,2.0300000000000002,0.0,0.0
Non Branded Funnel,what is inbound marketing,0.0,0.0,0.0
Non Branded HubSpot,account based marketing,10.08,2.25,0.9299999999999999
Non Branded HubSpot,advantage marketing,0.0,0.0,0.0
Non Branded HubSpot,affiliate marketing companies,0.17,0.43,0.29
Non Branded HubSpot,allied integrated marketing,1.0,0.0,0.0
Non Branded HubSpot,assist marketing,1.05,1.3900000000000001,0.4
Non Branded HubSpot,best network marketing companies,0.7,1.46,0.26
Non Branded HubSpot,business to business marketing,12.61,2.9299999999999997,0.42000000000000004
Non Branded HubSpot,chief marketing officer,2.2,21.28,5.38
Non Branded HubSpot,digital marketing,9.8,69.27,7.390000000000001
Non Branded HubSpot,direct marketing,21.31,45.56,7.96
Non Branded HubSpot,direct marketing association,41.96,145.88,32.52
Non Branded HubSpot,fashion marketing,4.63,5.18,0.79
Non Branded HubSpot,google marketing,0.6000000000000001,3.5,0.8200000000000001
Non Branded HubSpot,how to become a marketing manager,0.5,0.0,0.0
Non Branded HubSpot,inbound marketing,20.64,103.71,15.34
Non Branded HubSpot,insurance marketing,0.1,0.0,0.0
Non Branded HubSpot,journal of marketing,6.5,0.92,0.92
Non Branded HubSpot,legal marketing association,0.1,0.64,0.0
Non Branded HubSpot,marketing and advertising,1.5,0.0,0.0
Non Branded HubSpot,marketing and sales,0.25,0.17,0.0
Non Branded HubSpot,marketing articles,0.2,0.0,0.0
Non Branded HubSpot,marketing automation,19.78,19.38,16.45
Non Branded HubSpot,marketing budget template,1.0,0.0,0.0
Non Branded HubSpot,marketing calendar template,0.47000000000000003,0.0,0.0
Non Branded HubSpot,marketing communications,13.57,6.0,1.8800000000000001
Non Branded HubSpot,marketing concepts,1.5,11.77,3.42
Non Branded HubSpot,marketing coordinator,0.6000000000000001,5.72,1.62
Non Branded HubSpot,marketing cover letter,0.5,0.0,0.0
Non Branded HubSpot,marketing definition,26.53,27.97,24.32
Non Branded HubSpot,marketing degree jobs,0.2,0.4,0.0
Non Branded HubSpot,marketing director,3.61,4.97,3.92
Non Branded HubSpot,marketing ethics,1.1,0.0,0.0
Non Branded HubSpot,marketing executive,5.8,1.94,0.21000000000000002
Non Branded HubSpot,marketing management,26.27,21.91,18.5
Non Branded HubSpot,marketing manager,20.7,16.01,13.67
Non Branded HubSpot,marketing mix,1.5,9.77,2.87
Non Branded HubSpot,marketing online,10.790000000000001,4.98,4.59
Non Branded HubSpot,marketing plan sample,3.59,4.2,3.33
Non Branded HubSpot,marketing plan template,1.8,16.919999999999998,4.79
Non Branded HubSpot,marketing plans,1.5,14.81,3.65
Non Branded HubSpot,marketing principles,1.0,0.0,0.0
Non Branded HubSpot,marketing products,4.0,0.0,0.0
Non Branded HubSpot,marketing research process,0.21000000000000002,0.0,0.0
Non Branded HubSpot,marketing synonym,0.1,0.87,0.13
Non Branded HubSpot,marketing tips,0.2,1.6099999999999999,0.52
Non Branded HubSpot,mass marketing,3.51,0.78,0.67
Non Branded HubSpot,mass marketing definition,0.33,0.0,0.0
Non Branded HubSpot,network marketing pro,0.30000000000000004,2.32,0.72
Non Branded HubSpot,niche marketing,6.17,10.24,2.79
Non Branded HubSpot,one to one marketing,1.0,0.0,0.0
Non Branded HubSpot,principles of marketing,0.4,0.92,0.42
Non Branded HubSpot,promotion marketing,8.5,0.0,0.0
Non Branded HubSpot,small business marketing,0.5,0.89,0.44
Non Branded HubSpot,social marketing,8.07,20.49,2.5100000000000002
Non Branded HubSpot,vector marketing,35.98,108.14,30.86
Non Branded HubSpot,web marketing,14.95,18.42,13.22
Non Branded HubSpot,what is a marketing plan,6.5,0.0,0.0
Non Branded HubSpot,world marketing,1.0,0.0,0.0
Reporting Tools,marketing goals,1.0,0.0,0.0
SME - Max Conv.,chief marketing officer,2.87,11.81,4.57
SME - Max Conv.,elite marketing pro,0.25,0.0,0.0
SME - Max Conv.,legal marketing,3.0,0.0,0.0
SME - Max Conv.,marketing plan definition,0.5,0.0,0.0
SME - Max Conv.,mass marketing,5.0,0.0,0.0
SME Consideration,chief marketing officer,61.97,175.46,66.57
SME Consideration,elite marketing pro,0.2,0.0,0.0
SME Consideration,legal marketing,4.83,0.0,0.0
SME Consideration,marketing mix,3.33,30.26,8.450000000000001
SME Consideration,marketing plan definition,2.7800000000000002,0.0,0.0
SME Consideration,mass marketing,16.33,0.0,0.0
SME Consideration,online marketing degree,0.0,0.0,0.0
SME Consideration,viral marketing,2.13,16.1,5.4
SME Consideration,what is inbound marketing,0.0,0.0,0.0
Social Responsibility,account based marketing,22.93,0.45999999999999996,0.14
Social Responsibility,advantage sales and marketing,34.31,34.4,15.2
Social Responsibility,best email marketing software,0.0,0.0,0.0
Social Responsibility,content marketing institute,20.02,6.51,3.14
Social Responsibility,direct mail marketing,13.34,4.88,0.49000000000000005
Social Responsibility,jobs in marketing,0.52,1.35,0.37
Social Responsibility,marketing communications,31.84,14.7,4.2700000000000005
Social Responsibility,marketing job description,8.45,1.01,0.38
Social Responsibility,marketing process,1.79,1.08,0.13
Social Responsibility,marketing services,8.01,0.2,0.0
Social Responsibility,marketing skills,18.85,4.71,2.06
Social Responsibility,marketing strategy definition,1.44,1.32,0.62
Social Responsibility,marketing terms,11.14,0.0,0.0
Social Responsibility,masters in marketing,8.71,9.19,3.89
Social Responsibility,ppc marketing,16.3,6.75,3.34
Social Responsibility,pragmatic marketing,1.1600000000000001,1.83,0.45999999999999996
Social Responsibility,promotion marketing,19.580000000000002,0.0,0.0
Social Responsibility,search engine marketing,4.680000000000001,8.44,4.28
Social Responsibility,social media marketing company,12.74,0.14,0.14
Social Responsibility - Max Conv.,agent marketing,5.75,0.0,0.0
Social Responsibility - Max Conv.,content marketing strategy,0.5,0.0,0.0
Social Responsibility - Max Conv.,definition of marketing,3.49,0.64,0.09
Social Responsibility - Max Conv.,digital marketing manager,1.25,0.0,0.0
Social Responsibility - Max Conv.,marketing companies,3.69,1.84,1.04
Social Responsibility - Max Conv.,marketing consultant,3.31,0.0,0.0
Social Responsibility - Max Conv.,marketing land,1.5,0.0,0.0
Social Responsibility - Max Conv.,marketing strategy template,2.0,0.0,0.0
Social Responsibility - Max Conv.,product marketing,5.07,0.0,0.0
Social Responsibility - Max Conv.,retail marketing,0.0,0.0,0.0
Social Responsibility - Max Conv.,sms marketing,3.48,0.73,0.27
Social Responsibility - Max Conv.,social media marketing,3.46,3.23,1.05
Support - Max Conv.,account based marketing,5.7,0.0,0.0
Support - Max Conv.,advantage sales and marketing,1.42,0.14,0.0
Support - Max Conv.,content marketing institute,0.25,0.0,0.0
Support - Max Conv.,creative marketing,0.24,0.56,0.22
Support - Max Conv.,direct mail marketing,2.41,0.34,0.0
Support - Max Conv.,marketing communications,7.57,0.63,0.06
Support - Max Conv.,marketing job description,2.59,0.0,0.0
Support - Max Conv.,marketing services,1.9,0.0,0.0
Support - Max Conv.,marketing terms,2.6,0.0,0.0
Support - Max Conv.,masters in marketing,0.5,0.0,0.0
Support - Max Conv.,ppc marketing,4.0600000000000005,1.0,0.69
Support - Max Conv.,promotion marketing,2.17,0.0,0.0
Support - Max Conv.,search engine marketing,1.03,7.2,4.17
Support - Max Conv.,social media marketing company,2.0,0.0,0.0
